{"val_loss": [0.2366584300994873, 0.18550066149234773, 0.1558517061471939, 0.16153597605228423, 0.17189128184318542, 0.24628288221359254, 0.1680101672410965, 0.1499166249036789, 0.2185979545712471, 0.17339876699447632, 0.15872432732582092, 0.15410084035992622, 0.16249212938547133, 0.13948138481378555, 0.1756096719354391, 0.1520347165465355, 0.16051047468185425, 0.13763960099220277, 0.1645974138379097, 0.17198133218288422, 0.18491125959157945, 0.1651747533082962, 0.1670263865888119, 0.15396574139595032, 0.1588462180197239, 0.1413002612888813, 0.14523323678970337, 0.15949551072716714, 0.1478425704240799, 0.16134960484504698, 0.21558391910791397, 0.18166845789551736, 0.1909030796289444, 0.15682769152522086, 0.1582292223572731, 0.15573828330636025, 0.17310675758123398, 0.21298955368995667, 0.1487971945554018, 0.18054754582047464, 0.16482444861531256, 0.1485162992477417, 0.16652609926462172, 0.17463589823246004, 0.1927994995266199, 0.17959086719155312, 0.1653577211201191, 0.1729506126642227, 0.1647797934114933, 0.17777411983907224], "val_acc": [0.9043999948501587, 0.9143999915122986, 0.9355999975204468, 0.9284000005722046, 0.9311999959945678, 0.9055999937057495, 0.9335999960899353, 0.9431999979019166, 0.9303999929428101, 0.9323999915122986, 0.9451999883651734, 0.9467999963760376, 0.9507999911308288, 0.9547999963760376, 0.9439999952316284, 0.9531999936103821, 0.9491999921798706, 0.9559999990463257, 0.9523999929428101, 0.9539999976158142, 0.9419999933242797, 0.952000006198883, 0.9495999932289123, 0.9543999962806702, 0.9504000024795533, 0.9568000040054321, 0.9627999963760376, 0.9539999971389771, 0.9535999989509583, 0.9528000020980835, 0.9432000017166138, 0.9464000005722046, 0.941600001335144, 0.9547999982833862, 0.9543999962806702, 0.9568000020980835, 0.9583999948501587, 0.9403999986648559, 0.9596000032424927, 0.9436000018119812, 0.9603999986648559, 0.9632000017166138, 0.9568000040054321, 0.9491999940872192, 0.9548000001907349, 0.9503999967575073, 0.9475999917984009, 0.9579999971389771, 0.9536000008583069, 0.9592000031471253], "val_mean_pred": [0.5731549825668335, 0.6156431851387024, 0.6060331239700317, 0.625161232471466, 0.6088438277244568, 0.5453359112739563, 0.6031603808403015, 0.6005507783889771, 0.5639337120056153, 0.5887928729057312, 0.6037994747161866, 0.6083912239074707, 0.5885466470718383, 0.6093336391448975, 0.6158409714698792, 0.6043509874343872, 0.6274151220321655, 0.6093948078155518, 0.6097314472198486, 0.587286202430725, 0.5952952604293823, 0.5964596281051636, 0.5910500459671021, 0.6120221171379089, 0.6002410969734192, 0.605249077796936, 0.616022964477539, 0.5959563798904419, 0.6174616260528565, 0.6103307557106018, 0.577884624004364, 0.5974725213050842, 0.6261288900375366, 0.59706254196167, 0.5947593412399292, 0.609259886264801, 0.5939589834213257, 0.6260844569206238, 0.6046800842285156, 0.5845332798957825, 0.6024714002609253, 0.6048562140464783, 0.6031158456802368, 0.6241321725845337, 0.6038671636581421, 0.5922483954429626, 0.6245119709968567, 0.6006884007453919, 0.6074963974952697, 0.6063622560501098], "val_precision": [0.9638740549087524, 0.9394305262565613, 0.9636276831626892, 0.9449454889297485, 0.9599816617965699, 0.9827980127334595, 0.9593355174064636, 0.9698516073226928, 0.9851475119590759, 0.9678315658569336, 0.9677942152023316, 0.9662081975936889, 0.9807562408447266, 0.9725316004753113, 0.9539024930000305, 0.9706437907218933, 0.9521593847274781, 0.9725788083076478, 0.9670000033378601, 0.985937695980072, 0.9701608901023865, 0.9768235297203064, 0.9798846392631531, 0.9675934557914734, 0.973173406124115, 0.9729936423301697, 0.970409152507782, 0.9801625418663025, 0.9611626372337342, 0.9657557129859924, 0.9812868962287903, 0.971895115852356, 0.9448034238815307, 0.976970163822174, 0.9810090003013611, 0.9692862305641174, 0.9817065386772156, 0.943469419002533, 0.9768966650962829, 0.9762605834007263, 0.9779880232810975, 0.97716193151474, 0.9734380993843078, 0.953992413520813, 0.9727977623939514, 0.9778895578384399, 0.9551270680427552, 0.9759034452438354, 0.9698777346611023, 0.9741455779075623], "val_recall": [0.878969108581543, 0.9215274944305419, 0.931273799419403, 0.9413508434295654, 0.9271090202331543, 0.862948226928711, 0.9332230129241943, 0.9382599067687988, 0.902184335231781, 0.9210750346183777, 0.9437457065582275, 0.9477766170501709, 0.9387984118461609, 0.9543838610649109, 0.9562364783287048, 0.9537112288475037, 0.9675332984924316, 0.955881450176239, 0.9546456904411316, 0.9393553657531738, 0.9355315470695496, 0.94473566198349, 0.9375071139335632, 0.9582463183403015, 0.9468228125572205, 0.9567085661888123, 0.9696015620231628, 0.9451174635887146, 0.9653428778648376, 0.9573795599937439, 0.9266672625541686, 0.9407961406707763, 0.9628598651885987, 0.9491398062705994, 0.9448285117149353, 0.9609220652580261, 0.9508566927909851, 0.9619735579490661, 0.9578318648338318, 0.9315888576507568, 0.957558228969574, 0.9630978446006775, 0.9564663844108582, 0.9645128116607666, 0.9533949446678162, 0.9403959832191467, 0.9605569472312927, 0.9556790542602539, 0.9541622214317321, 0.959810239315033], "val_f1_score": [0.9184342927932739, 0.9288278751373291, 0.9464008169174194, 0.941444347858429, 0.9418807835578918, 0.9170312943458557, 0.9450523262023925, 0.9525563549995423, 0.9407693300247192, 0.9426395897865295, 0.9545273842811585, 0.9557314591407776, 0.9585920433998107, 0.9626997938156128, 0.9540396127700805, 0.96135498046875, 0.9586724247932434, 0.9635172929763794, 0.9600770769119262, 0.9613943901062012, 0.9516656465530395, 0.9597163391113281, 0.9574200992584229, 0.9621457977294922, 0.9589314851760864, 0.9641915388107299, 0.9694209833145142, 0.9617787313461303, 0.9622918148040771, 0.9605924062728882, 0.9524375734329223, 0.9550977025032044, 0.9529802441596985, 0.9621686944961548, 0.9619268684387207, 0.9645320482254028, 0.9655016431808472, 0.9517937231063843, 0.9666216707229615, 0.9526989765167236, 0.9671584386825561, 0.969599497795105, 0.9642144765853882, 0.9584844841957092, 0.9624016408920288, 0.9579577589035034, 0.957155426979065, 0.9648587460517883, 0.9613270473480224, 0.9663834667205811], "val_fbeta_score": [0.9184342927932739, 0.9288278751373291, 0.9464008169174194, 0.941444347858429, 0.9418807835578918, 0.9170312943458557, 0.9450523262023925, 0.9525563549995423, 0.9407693300247192, 0.9426395897865295, 0.9545273842811585, 0.9557314591407776, 0.9585920433998107, 0.9626997938156128, 0.9540396127700805, 0.96135498046875, 0.9586724247932434, 0.9635172929763794, 0.9600770769119262, 0.9613943901062012, 0.9516656465530395, 0.9597163391113281, 0.9574200992584229, 0.9621457977294922, 0.9589314851760864, 0.9641915388107299, 0.9694209833145142, 0.9617787313461303, 0.9622918148040771, 0.9605924062728882, 0.9524375734329223, 0.9550977025032044, 0.9529802441596985, 0.9621686944961548, 0.9619268684387207, 0.9645320482254028, 0.9655016431808472, 0.9517937231063843, 0.9666216707229615, 0.9526989765167236, 0.9671584386825561, 0.969599497795105, 0.9642144765853882, 0.9584844841957092, 0.9624016408920288, 0.9579577589035034, 0.957155426979065, 0.9648587460517883, 0.9613270473480224, 0.9663834667205811],